{"train/loss":0.1389736384153366,"Best Epoch":1,"test/accuracy":0.15377768874168396,"train/accuracy":0.9589775204658508,"_timestamp":1.7579170304378514e+09,"_step":1,"Best Test Accuracy":0.15377768874168396,"_runtime":4753.175795765,"_wandb":{"runtime":4753}}